batch_index,sample_ids,batch_size,cap_for_whole_batch,initial_kl_candidate_count,cap_exceeded_initially,threshold_updates,final_kl_threshold,iteration_limit_hit,selected_before_dilation,selected_after_dilation,valid_direction_count,positive_weight_count,abl_returns_none,abl_loss_unweighted
0,train_1,1,501.76,6004,True,70,3.488889569322085,False,431,2301,2301,171,False,0.007739829830825329
1,train_2,1,501.76,5246,True,70,3.488889569322085,False,389,2227,2227,145,False,0.004683924838900566
2,train_4,1,501.76,4956,True,69,2.907407974435071,False,459,2446,2446,362,False,0.014744115993380547
3,train_5,1,501.76,8167,True,70,3.488889569322085,False,418,2561,2561,353,False,0.015628265216946602
4,train_6,1,501.76,4000,True,67,2.0190333155799105,False,497,1963,1963,284,False,0.012896772474050522
5,train_7,1,501.76,4646,True,69,2.907407974435071,False,367,1950,1950,185,False,0.005978124216198921
6,train_8,1,501.76,8310,True,71,4.186667483186501,False,309,2044,2044,189,False,0.011714900843799114
7,train_9,1,501.76,11922,True,72,5.024000979823802,False,405,2520,2520,125,False,0.0060483310371637344
8,train_10,1,501.76,5867,True,69,2.907407974435071,False,488,2358,2358,198,False,0.008101895451545715
9,train_11,1,501.76,6725,True,68,2.4228399786958925,False,419,2118,2118,331,False,0.013947590254247189
10,train_12,1,501.76,10162,True,71,4.186667483186501,False,501,2969,2969,214,False,0.008150913752615452
11,train_13,1,501.76,12957,True,71,4.186667483186501,False,363,2035,2035,141,False,0.009092467837035656
12,train_14,1,501.76,2073,True,37,0.00850562249982109,False,493,991,991,431,False,0.13378114998340607
13,train_15,1,501.76,6322,True,67,2.0190333155799105,False,494,2335,2335,272,False,0.007594323717057705
14,train_16,1,501.76,7326,True,69,2.907407974435071,False,390,2128,2128,322,False,0.014610424637794495
15,train_17,1,501.76,8571,True,70,3.488889569322085,False,333,1914,1914,162,False,0.008568520657718182
16,train_18,1,501.76,11507,True,70,3.488889569322085,False,330,2151,2151,150,False,0.0053402455523610115
17,train_19,1,501.76,8679,True,71,4.186667483186501,False,298,1901,1901,138,False,0.008152791298925877
18,train_20,1,501.76,8008,True,71,4.186667483186501,False,406,2474,2474,234,False,0.01280879694968462
19,train_21,1,501.76,4904,True,70,3.488889569322085,False,329,1978,1978,128,False,0.0048377541825175285
20,train_22,1,501.76,14137,True,72,5.024000979823802,False,278,1942,1942,167,False,0.012198795564472675
21,train_23,1,501.76,6758,True,69,2.907407974435071,False,445,2388,2388,176,False,0.00598641112446785
22,train_24,1,501.76,6123,True,69,2.907407974435071,False,392,2077,2077,151,False,0.005346872378140688
23,train_25,1,501.76,10472,True,71,4.186667483186501,False,452,2807,2807,179,False,0.00759685505181551
24,train_26,1,501.76,3636,True,68,2.4228399786958925,False,422,1873,1873,193,False,0.009160958230495453
25,train_27,1,501.76,9667,True,70,3.488889569322085,False,307,1733,1733,106,False,0.005655304063111544
26,train_28,1,501.76,10359,True,70,3.488889569322085,False,324,1993,1993,230,False,0.01195518672466278
27,train_29,1,501.76,6377,True,69,2.907407974435071,False,443,2353,2353,255,False,0.009860549122095108
28,train_31,1,501.76,6711,True,71,4.186667483186501,False,307,1943,1943,74,False,0.0040679313242435455
29,train_32,1,501.76,6323,True,70,3.488889569322085,False,347,1910,1910,211,False,0.012692149728536606
30,train_34,1,501.76,6833,True,69,2.907407974435071,False,496,2698,2698,237,False,0.00643171276897192
31,train_36,1,501.76,3855,True,68,2.4228399786958925,False,419,1994,1994,294,False,0.01477029174566269
32,train_37,1,501.76,11435,True,70,3.488889569322085,False,432,2404,2404,164,False,0.006616664584726095
33,train_38,1,501.76,6484,True,70,3.488889569322085,False,365,1984,1984,188,False,0.010640664957463741
34,train_39,1,501.76,12031,True,70,3.488889569322085,False,393,2230,2230,199,False,0.01004457101225853
35,train_40,1,501.76,3016,True,67,2.0190333155799105,False,453,1827,1827,208,False,0.008872576989233494
36,train_41,1,501.76,7351,True,70,3.488889569322085,False,471,2613,2613,260,False,0.01015152782201767
37,train_42,1,501.76,6493,True,69,2.907407974435071,False,399,2134,2134,288,False,0.012998390011489391
38,train_43,1,501.76,10517,True,70,3.488889569322085,False,303,1884,1884,222,False,0.01234537735581398
39,train_45,1,501.76,8249,True,71,4.186667483186501,False,404,2229,2229,163,False,0.00900696124881506
40,train_47,1,501.76,6161,True,68,2.4228399786958925,False,412,2057,2057,226,False,0.007757931016385555
41,train_50,1,501.76,5218,True,70,3.488889569322085,False,402,2100,2100,121,False,0.005638374947011471
42,train_51,1,501.76,13275,True,71,4.186667483186501,False,475,2965,2965,347,False,0.014919784851372242
43,train_53,1,501.76,9649,True,72,5.024000979823802,False,262,1599,1599,87,False,0.007364314049482346
44,train_54,1,501.76,10083,True,71,4.186667483186501,False,278,1752,1752,81,False,0.004302326589822769
45,train_56,1,501.76,6051,True,69,2.907407974435071,False,482,2660,2660,242,False,0.006479399744421244
46,train_57,1,501.76,7464,True,70,3.488889569322085,False,376,2263,2263,240,False,0.01154057402163744
47,train_58,1,501.76,11606,True,71,4.186667483186501,False,347,2136,2136,140,False,0.006813541520386934
48,train_60,1,501.76,8389,True,70,3.488889569322085,False,439,2580,2580,175,False,0.005231900606304407
49,train_61,1,501.76,7232,True,71,4.186667483186501,False,359,1795,1795,111,False,0.007940519601106644
50,train_62,1,501.76,6246,True,70,3.488889569322085,False,489,2632,2632,178,False,0.006387651432305574
51,train_63,1,501.76,8227,True,72,5.024000979823802,False,241,1487,1487,62,False,0.00451054610311985
52,train_64,1,501.76,4144,True,68,2.4228399786958925,False,412,1896,1896,252,False,0.012358775362372398
53,train_65,1,501.76,3073,True,66,1.6825277629832587,False,485,1849,1849,238,False,0.010077186860144138
54,train_66,1,501.76,6883,True,70,3.488889569322085,False,345,2061,2061,192,False,0.009804987348616123
55,train_67,1,501.76,2092,True,54,0.18870668547844413,False,493,1252,1252,354,False,0.019860966131091118
56,train_68,1,501.76,10655,True,70,3.488889569322085,False,383,2279,2279,260,False,0.01278011966496706
57,train_69,1,501.76,14144,True,72,5.024000979823802,False,267,1763,1763,179,False,0.015049181878566742
58,train_70,1,501.76,6922,True,70,3.488889569322085,False,482,2659,2659,221,False,0.007219606079161167
59,train_71,1,501.76,6068,True,70,3.488889569322085,False,308,1868,1868,173,False,0.010099275968968868
60,train_73,1,501.76,12796,True,70,3.488889569322085,False,417,2593,2593,181,False,0.0054858834482729435
61,train_74,1,501.76,7099,True,71,4.186667483186501,False,299,1694,1694,132,False,0.010222961194813251
62,train_76,1,501.76,7732,True,68,2.4228399786958925,False,463,2291,2291,323,False,0.01173672080039978
63,train_77,1,501.76,10135,True,69,2.907407974435071,False,426,2344,2344,201,False,0.007527621928602457
64,train_78,1,501.76,7159,True,70,3.488889569322085,False,477,2738,2738,166,False,0.005062356125563383
65,train_79,1,501.76,10415,True,72,5.024000979823802,False,292,1833,1833,158,False,0.013096706941723824
66,train_80,1,501.76,5134,True,69,2.907407974435071,False,395,2072,2072,176,False,0.007310729473829269
67,train_81,1,501.76,4947,True,68,2.4228399786958925,False,482,2325,2325,280,False,0.010597692802548409
68,train_82,1,501.76,9733,True,69,2.907407974435071,False,473,2652,2652,312,False,0.011561830528080463
69,train_84,1,501.76,7878,True,72,5.024000979823802,False,301,1517,1517,54,False,0.005216090474277735
70,train_85,1,501.76,7746,True,71,4.186667483186501,False,279,1724,1724,158,False,0.010237567126750946
71,testA_1,1,501.76,9638,True,69,2.907407974435071,False,490,2523,2523,262,False,0.010876895859837532
72,testA_2,1,501.76,4621,True,68,2.4228399786958925,False,500,2474,2474,437,False,0.019550783559679985
73,testA_6,1,501.76,8248,True,72,5.024000979823802,False,326,1928,1928,39,False,0.0027272747829556465
74,testA_7,1,501.76,4408,True,69,2.907407974435071,False,467,2175,2175,181,False,0.00714116683229804
75,testA_9,1,501.76,10337,True,71,4.186667483186501,False,412,2363,2363,224,False,0.012465356849133968
76,testA_10,1,501.76,15518,True,71,4.186667483186501,False,454,2707,2707,237,False,0.011119353584945202
77,testA_11,1,501.76,4018,True,68,2.4228399786958925,False,445,1838,1838,173,False,0.007807519752532244
78,testA_12,1,501.76,9244,True,71,4.186667483186501,False,443,2497,2497,249,False,0.013076519593596458
79,testA_14,1,501.76,3851,True,68,2.4228399786958925,False,500,2201,2201,287,False,0.011380872689187527
80,testA_15,1,501.76,7193,True,70,3.488889569322085,False,430,2322,2322,206,False,0.00997251644730568
81,testA_18,1,501.76,10400,True,71,4.186667483186501,False,385,2485,2485,179,False,0.008241727948188782
82,testA_19,1,501.76,13896,True,72,5.024000979823802,False,279,1889,1889,109,False,0.008158991113305092
83,testA_20,1,501.76,6416,True,71,4.186667483186501,False,438,2325,2325,84,False,0.004315907135605812
84,testA_21,1,501.76,9626,True,71,4.186667483186501,False,340,2115,2115,87,False,0.0036860418040305376
85,testA_22,1,501.76,9532,True,71,4.186667483186501,False,337,2035,2035,158,False,0.010217520408332348
86,testA_23,1,501.76,6709,True,69,2.907407974435071,False,393,2026,2026,203,False,0.008840628899633884
87,testA_24,1,501.76,8743,True,72,5.024000979823802,False,256,1269,1269,53,False,0.005841555539518595
88,testA_25,1,501.76,10556,True,71,4.186667483186501,False,315,1887,1887,147,False,0.010030128993093967
89,testA_27,1,501.76,14159,True,72,5.024000979823802,False,300,2058,2058,194,False,0.013585362583398819
90,testA_28,1,501.76,14142,True,71,4.186667483186501,False,470,2952,2952,260,False,0.011548856273293495
91,testA_29,1,501.76,6167,True,69,2.907407974435071,False,490,2620,2620,245,False,0.008189326152205467
92,testA_31,1,501.76,5061,True,70,3.488889569322085,False,452,2229,2229,70,False,0.003815155476331711
93,testA_32,1,501.76,8426,True,70,3.488889569322085,False,432,2646,2646,402,False,0.01660776138305664
94,testA_33,1,501.76,9023,True,71,4.186667483186501,False,242,1635,1635,97,False,0.005633368622511625
95,testA_34,1,501.76,6958,True,70,3.488889569322085,False,347,1952,1952,135,False,0.007153209298849106
96,testA_35,1,501.76,10774,True,72,5.024000979823802,False,220,1414,1414,100,False,0.00923137180507183
97,testA_36,1,501.76,10825,True,72,5.024000979823802,False,302,1733,1733,103,False,0.008100679144263268
98,testA_37,1,501.76,8842,True,71,4.186667483186501,False,351,1992,1992,89,False,0.00585010414943099
99,testA_38,1,501.76,1359,True,35,0.005906682291542424,False,500,999,999,457,False,0.10152033716440201
100,testA_39,1,501.76,2640,True,65,1.4021064691527156,False,500,1744,1744,249,False,0.010104736313223839
101,testA_40,1,501.76,12499,True,72,5.024000979823802,False,290,1894,1894,135,False,0.010577118955552578
102,testA_44,1,501.76,8215,True,71,4.186667483186501,False,316,2051,2051,122,False,0.006025979295372963
103,testA_45,1,501.76,7454,True,71,4.186667483186501,False,375,2164,2164,153,False,0.009938820265233517
104,testA_46,1,501.76,11432,True,71,4.186667483186501,False,401,2466,2466,261,False,0.013348899781703949
105,testA_47,1,501.76,7774,True,71,4.186667483186501,False,349,2023,2023,217,False,0.012594914063811302
106,testA_49,1,501.76,5087,True,70,3.488889569322085,False,352,1893,1893,143,False,0.006889729760587215
107,testA_50,1,501.76,9457,True,71,4.186667483186501,False,452,2799,2799,120,False,0.004263472743332386
108,testA_52,1,501.76,7463,True,71,4.186667483186501,False,376,2088,2088,168,False,0.009532815776765347
109,testA_53,1,501.76,3646,True,68,2.4228399786958925,False,484,2164,2164,246,False,0.009673476219177246
110,testA_54,1,501.76,13296,True,72,5.024000979823802,False,217,1339,1339,120,False,0.01321399211883545
111,testA_58,1,501.76,11689,True,72,5.024000979823802,False,247,1531,1531,86,False,0.008686251938343048
112,testA_59,1,501.76,9664,True,71,4.186667483186501,False,396,2317,2317,223,False,0.012236030772328377
113,testA_60,1,501.76,7678,True,71,4.186667483186501,False,344,1991,1991,127,False,0.0077302418649196625
114,testB_1,1,501.76,3577,True,68,2.4228399786958925,False,485,2001,2001,143,False,0.0057493578642606735
115,testB_2,1,501.76,8128,True,70,3.488889569322085,False,330,2056,2056,203,False,0.0106434915214777
116,testB_3,1,501.76,6037,True,69,2.907407974435071,False,473,2458,2458,251,False,0.008942361921072006
117,testB_4,1,501.76,5798,True,68,2.4228399786958925,False,483,2319,2319,362,False,0.013851669616997242
118,testB_5,1,501.76,6061,True,69,2.907407974435071,False,491,2689,2689,391,False,0.014266127720475197
119,testB_6,1,501.76,5142,True,68,2.4228399786958925,False,416,2047,2047,198,False,0.007854767143726349
120,testB_7,1,501.76,6961,True,70,3.488889569322085,False,362,2315,2315,310,False,0.014250117354094982
121,testB_8,1,501.76,8080,True,70,3.488889569322085,False,463,2695,2695,217,False,0.008151611313223839
122,testB_9,1,501.76,12599,True,71,4.186667483186501,False,234,1453,1453,80,False,0.006283935625106096
123,testB_10,1,501.76,8647,True,70,3.488889569322085,False,468,2642,2642,220,False,0.009076477028429508
124,testB_11,1,501.76,6631,True,70,3.488889569322085,False,393,2237,2237,159,False,0.006990737747400999
125,testB_12,1,501.76,10419,True,70,3.488889569322085,False,403,2240,2240,123,False,0.005347170401364565
126,testB_13,1,501.76,8626,True,70,3.488889569322085,False,433,2572,2572,214,False,0.007787404116243124
127,testB_15,1,501.76,10029,True,70,3.488889569322085,False,325,1919,1919,124,False,0.004995068069547415
128,testB_16,1,501.76,10225,True,70,3.488889569322085,False,393,2262,2262,168,False,0.007882223464548588
129,testB_17,1,501.76,5461,True,68,2.4228399786958925,False,483,2333,2333,305,False,0.012473301030695438
130,testB_18,1,501.76,7731,True,71,4.186667483186501,False,336,2014,2014,106,False,0.006188755389302969
131,testB_20,1,501.76,7658,True,69,2.907407974435071,False,496,2606,2606,262,False,0.00902104377746582
