parameter,decoder_part,parameter_count,base_grad_present,abl_grad_present,base_grad_norm,abl_grad_norm_unweighted,abl_grad_norm_weighted,weighted_abl_to_base_ratio,cosine_base_vs_abl,weighted_abl_projection_on_base_ratio,combined_grad_norm
network.query_embed,query_embed,2048,True,True,0.0004364407878718584,0.0003892903994599864,7.785807989199729e-05,0.17839322550864994,-0.6275247867738651,-0.11194617079921759,0.00039229491842255503
network.layer_fusion_bias,layer_fusion_bias,3,True,True,0.0013785643927504473,0.0023978350665650413,0.00047956701331300827,0.34787422033743276,-0.999999729989464,-0.347874126407728,0.0008989975780005629
network.feature_upscale.0.weight,feature_upscale,2097152,True,True,0.12483225261886244,0.07987397173586519,0.015974794347173037,0.12797008795433057,-0.11014263870032154,-0.014094963162002202,0.12409270386633817
network.feature_upscale.0.bias,feature_upscale,512,True,True,0.003861841702038152,0.0022594078608218493,0.00045188157216436987,0.1170119355036955,-0.08253987108621008,-0.009658150072022956,0.003850965909707173
network.feature_upscale.1.weight,feature_upscale,512,True,True,0.00246588037586059,0.001326185133059046,0.0002652370266118092,0.10756281172773505,0.0548700454006523,0.005901976362922638,0.002494532305319331
network.feature_upscale.1.bias,feature_upscale,512,True,True,0.001865277854387837,0.0010865230507149262,0.00021730461014298527,0.11649986066783716,-0.05585029607230826,-0.006506551710681365,0.0018657992331081756
network.feature_upscale.3.weight,feature_upscale,4608,True,True,0.01201825391807861,0.007882687102291957,0.0015765374204583914,0.13117857479170625,0.06300136301364773,0.008264429010065225,0.012219300296416675
network.feature_upscale.3.bias,feature_upscale,512,True,True,0.007450909269733287,0.003136327165399602,0.0006272654330799205,0.08418642750462241,-0.0030257193309628557,-0.00025472450110543905,0.007475374791513281
network.feature_upscale.4.weight,feature_upscale,512,True,True,0.002558240217652395,0.0013302115561948677,0.00026604231123897353,0.10399426504330034,0.11262086439105021,0.011711924020888463,0.0026016669799906185
network.feature_upscale.4.bias,feature_upscale,512,True,True,0.002964509489967332,0.001259301410583026,0.0002518602821166052,0.08495850088150017,-0.013658951790003244,-0.0011604440676913589,0.0029717593136527744
network.feature_upscale.6.weight,feature_upscale,524288,True,True,0.07443184581797371,0.04699194720125182,0.009398389440250364,0.12626839139841473,-0.09793288621694726,-0.012365828007617912,0.07410407246951004
network.feature_upscale.6.bias,feature_upscale,256,True,True,0.010764225308634235,0.003316926222262312,0.0006633852444524625,0.06162870298899687,-0.43556068657259284,-0.026843040186465876,0.010492287566482891
network.feature_upscale.7.weight,feature_upscale,256,True,True,0.0019480017266259246,0.0007400213004410548,0.00014800426008821098,0.07597747890324755,0.20348200471955222,0.015460049720770294,0.0019834184684454853
network.feature_upscale.7.bias,feature_upscale,256,True,True,0.002443611338462155,0.0007331317871036971,0.00014662635742073945,0.06000396016864787,-0.3420810440633277,-0.020526217342425393,0.0023974156650322393
network.feature_upscale.9.weight,feature_upscale,2304,True,True,0.008025668044867467,0.00566809389198096,0.0011336187783961922,0.14124914861400953,0.17609726158537958,0.024873588272193395,0.008300645865231642
network.feature_upscale.9.bias,feature_upscale,256,True,True,0.007183572162903266,0.001342860268026782,0.0002685720536053564,0.037386977887170283,0.48141006242594714,0.017998467358580152,0.007316653286329739
network.feature_upscale.10.weight,feature_upscale,256,True,True,0.006537229625966096,0.00162764064643748,0.000325528129287496,0.04979603714614633,-0.7216748893920413,-0.03593654959960714,0.006306331435410238
network.feature_upscale.10.bias,feature_upscale,256,True,True,0.00505713918807865,0.0005280962947618185,0.00010561925895236371,0.020885179352259718,0.5875903435587986,0.012271929710881414,0.005119913375822511
network.feature_upscale.12.weight,feature_upscale,262144,True,True,0.023036905882330795,0.006951989166449825,0.001390397833289965,0.06035523348456244,0.16681644328561732,0.010068245383567702,0.02330919678875473
network.feature_upscale.12.bias,feature_upscale,1024,True,True,0.0046019626083926525,0.00034943853281188726,6.988770656237746e-05,0.015186500306395892,0.9906849797694163,0.015045037748810044,0.004671209004136243
network.mask_head.0.weight,mask_head,1048576,True,True,0.006047445713933656,0.009047492589862158,0.0018094985179724318,0.29921699235815297,-0.6409506336040668,-0.19178332083706137,0.005081165111088337
network.mask_head.0.bias,mask_head,1024,True,True,0.00025117750544426603,0.0003991557737448495,7.98311547489699e-05,0.31782764387189005,-0.5870980834481675,-0.18659600058403336,0.00021428583059166854
network.mask_head.2.weight,mask_head,1048576,True,True,0.009015008452015201,0.005999456433439814,0.0011998912866879629,0.13309929691965414,-0.09481285100452487,-0.012619523807650178,0.008981031653719853
network.mask_head.2.bias,mask_head,1024,True,True,0.0010265630962876073,0.0006503256852364562,0.00013006513704729125,0.12669960328561383,-0.02296524428332496,-0.0029096873400544835,0.0010318023495297303
network.layer_gate.0.weight,layer_gate,524288,True,True,0.003085553034295956,0.0047561298446636,0.0009512259689327201,0.3082837852274237,-0.9638040457389396,-0.29712515943790535,0.0021835353179729036
network.layer_gate.0.bias,layer_gate,512,True,True,0.00014800923626670433,0.0002432956560009632,4.865913120019264e-05,0.3287573966837557,-0.9828188772137353,-0.32310897548443934,0.00010058787351575973
network.layer_gate.2.weight,layer_gate,1536,True,True,0.014487943982138285,0.02493798565368958,0.004987597130737917,0.3442584494312625,-0.9971660142142462,-0.3432828258789486,0.009521877865234434
network.layer_gate.2.bias,layer_gate,3,True,True,0.0013785643927504473,0.0023978350665650413,0.00047956701331300827,0.34787422033743276,-0.999999729989464,-0.347874126407728,0.0008989975780005629
