fold,split,sample_id
0,train,train_1
0,train,train_2
0,train,train_4
0,train,train_5
0,train,train_6
0,train,train_7
0,train,train_8
0,train,train_9
0,train,train_10
0,train,train_11
0,train,train_12
0,train,train_13
0,train,train_14
0,train,train_15
0,train,train_16
0,train,train_17
0,train,train_18
0,train,train_19
0,train,train_20
0,train,train_21
0,train,train_22
0,train,train_23
0,train,train_24
0,train,train_25
0,train,train_26
0,train,train_27
0,train,train_28
0,train,train_29
0,train,train_31
0,train,train_32
0,train,train_34
0,train,train_36
0,train,train_37
0,train,train_38
0,train,train_39
0,train,train_40
0,train,train_41
0,train,train_42
0,train,train_43
0,train,train_45
0,train,train_47
0,train,train_50
0,train,train_51
0,train,train_53
0,train,train_54
0,train,train_56
0,train,train_57
0,train,train_58
0,train,train_60
0,train,train_61
0,train,train_62
0,train,train_63
0,train,train_64
0,train,train_65
0,train,train_66
0,train,train_67
0,train,train_68
0,train,train_69
0,train,train_70
0,train,train_71
0,train,train_73
0,train,train_74
0,train,train_76
0,train,train_77
0,train,train_78
0,train,train_79
0,train,train_80
0,train,train_81
0,train,train_82
0,train,train_84
0,train,train_85
0,train,testA_1
0,train,testA_2
0,train,testA_6
0,train,testA_7
0,train,testA_9
0,train,testA_10
0,train,testA_11
0,train,testA_12
0,train,testA_14
0,train,testA_15
0,train,testA_18
0,train,testA_19
0,train,testA_20
0,train,testA_21
0,train,testA_22
0,train,testA_23
0,train,testA_24
0,train,testA_25
0,train,testA_27
0,train,testA_28
0,train,testA_29
0,train,testA_31
0,train,testA_32
0,train,testA_33
0,train,testA_34
0,train,testA_35
0,train,testA_36
0,train,testA_37
0,train,testA_38
0,train,testA_39
0,train,testA_40
0,train,testA_44
0,train,testA_45
0,train,testA_46
0,train,testA_47
0,train,testA_49
0,train,testA_50
0,train,testA_52
0,train,testA_53
0,train,testA_54
0,train,testA_58
0,train,testA_59
0,train,testA_60
0,train,testB_1
0,train,testB_2
0,train,testB_3
0,train,testB_4
0,train,testB_5
0,train,testB_6
0,train,testB_7
0,train,testB_8
0,train,testB_9
0,train,testB_10
0,train,testB_11
0,train,testB_12
0,train,testB_13
0,train,testB_15
0,train,testB_16
0,train,testB_17
0,train,testB_18
0,train,testB_20
0,test,train_3
0,test,train_30
0,test,train_33
0,test,train_35
0,test,train_44
0,test,train_46
0,test,train_48
0,test,train_49
0,test,train_52
0,test,train_55
0,test,train_59
0,test,train_72
0,test,train_75
0,test,train_83
0,test,testA_3
0,test,testA_4
0,test,testA_5
0,test,testA_8
0,test,testA_13
0,test,testA_16
0,test,testA_17
0,test,testA_26
0,test,testA_30
0,test,testA_41
0,test,testA_42
0,test,testA_43
0,test,testA_48
0,test,testA_51
0,test,testA_55
0,test,testA_56
0,test,testA_57
0,test,testB_14
0,test,testB_19
1,train,train_1
1,train,train_3
1,train,train_4
1,train,train_5
1,train,train_9
1,train,train_11
1,train,train_12
1,train,train_14
1,train,train_16
1,train,train_17
1,train,train_19
1,train,train_20
1,train,train_24
1,train,train_25
1,train,train_26
1,train,train_27
1,train,train_29
1,train,train_30
1,train,train_31
1,train,train_32
1,train,train_33
1,train,train_34
1,train,train_35
1,train,train_36
1,train,train_37
1,train,train_38
1,train,train_39
1,train,train_41
1,train,train_42
1,train,train_43
1,train,train_44
1,train,train_46
1,train,train_48
1,train,train_49
1,train,train_50
1,train,train_51
1,train,train_52
1,train,train_53
1,train,train_55
1,train,train_56
1,train,train_57
1,train,train_58
1,train,train_59
1,train,train_61
1,train,train_63
1,train,train_64
1,train,train_65
1,train,train_66
1,train,train_67
1,train,train_70
1,train,train_71
1,train,train_72
1,train,train_73
1,train,train_74
1,train,train_75
1,train,train_76
1,train,train_77
1,train,train_78
1,train,train_79
1,train,train_80
1,train,train_81
1,train,train_83
1,train,train_85
1,train,testA_1
1,train,testA_2
1,train,testA_3
1,train,testA_4
1,train,testA_5
1,train,testA_6
1,train,testA_7
1,train,testA_8
1,train,testA_9
1,train,testA_11
1,train,testA_13
1,train,testA_14
1,train,testA_15
1,train,testA_16
1,train,testA_17
1,train,testA_18
1,train,testA_19
1,train,testA_20
1,train,testA_21
1,train,testA_22
1,train,testA_23
1,train,testA_24
1,train,testA_26
1,train,testA_27
1,train,testA_28
1,train,testA_29
1,train,testA_30
1,train,testA_31
1,train,testA_32
1,train,testA_33
1,train,testA_34
1,train,testA_36
1,train,testA_38
1,train,testA_39
1,train,testA_40
1,train,testA_41
1,train,testA_42
1,train,testA_43
1,train,testA_44
1,train,testA_45
1,train,testA_46
1,train,testA_47
1,train,testA_48
1,train,testA_50
1,train,testA_51
1,train,testA_52
1,train,testA_53
1,train,testA_54
1,train,testA_55
1,train,testA_56
1,train,testA_57
1,train,testA_58
1,train,testA_59
1,train,testA_60
1,train,testB_1
1,train,testB_4
1,train,testB_5
1,train,testB_6
1,train,testB_7
1,train,testB_8
1,train,testB_10
1,train,testB_12
1,train,testB_13
1,train,testB_14
1,train,testB_15
1,train,testB_17
1,train,testB_18
1,train,testB_19
1,train,testB_20
1,test,train_2
1,test,train_6
1,test,train_7
1,test,train_8
1,test,train_10
1,test,train_13
1,test,train_15
1,test,train_18
1,test,train_21
1,test,train_22
1,test,train_23
1,test,train_28
1,test,train_40
1,test,train_45
1,test,train_47
1,test,train_54
1,test,train_60
1,test,train_62
1,test,train_68
1,test,train_69
1,test,train_82
1,test,train_84
1,test,testA_10
1,test,testA_12
1,test,testA_25
1,test,testA_35
1,test,testA_37
1,test,testA_49
1,test,testB_2
1,test,testB_3
1,test,testB_9
1,test,testB_11
1,test,testB_16
2,train,train_1
2,train,train_2
2,train,train_3
2,train,train_4
2,train,train_6
2,train,train_7
2,train,train_8
2,train,train_9
2,train,train_10
2,train,train_11
2,train,train_12
2,train,train_13
2,train,train_14
2,train,train_15
2,train,train_16
2,train,train_18
2,train,train_19
2,train,train_21
2,train,train_22
2,train,train_23
2,train,train_24
2,train,train_25
2,train,train_26
2,train,train_28
2,train,train_29
2,train,train_30
2,train,train_31
2,train,train_32
2,train,train_33
2,train,train_35
2,train,train_36
2,train,train_38
2,train,train_39
2,train,train_40
2,train,train_41
2,train,train_42
2,train,train_43
2,train,train_44
2,train,train_45
2,train,train_46
2,train,train_47
2,train,train_48
2,train,train_49
2,train,train_52
2,train,train_53
2,train,train_54
2,train,train_55
2,train,train_56
2,train,train_58
2,train,train_59
2,train,train_60
2,train,train_62
2,train,train_63
2,train,train_64
2,train,train_65
2,train,train_66
2,train,train_67
2,train,train_68
2,train,train_69
2,train,train_70
2,train,train_71
2,train,train_72
2,train,train_73
2,train,train_75
2,train,train_78
2,train,train_79
2,train,train_80
2,train,train_81
2,train,train_82
2,train,train_83
2,train,train_84
2,train,train_85
2,train,testA_3
2,train,testA_4
2,train,testA_5
2,train,testA_6
2,train,testA_7
2,train,testA_8
2,train,testA_9
2,train,testA_10
2,train,testA_12
2,train,testA_13
2,train,testA_14
2,train,testA_16
2,train,testA_17
2,train,testA_18
2,train,testA_19
2,train,testA_21
2,train,testA_23
2,train,testA_25
2,train,testA_26
2,train,testA_27
2,train,testA_29
2,train,testA_30
2,train,testA_33
2,train,testA_35
2,train,testA_36
2,train,testA_37
2,train,testA_38
2,train,testA_39
2,train,testA_40
2,train,testA_41
2,train,testA_42
2,train,testA_43
2,train,testA_44
2,train,testA_45
2,train,testA_46
2,train,testA_48
2,train,testA_49
2,train,testA_51
2,train,testA_52
2,train,testA_53
2,train,testA_54
2,train,testA_55
2,train,testA_56
2,train,testA_57
2,train,testA_58
2,train,testA_59
2,train,testB_2
2,train,testB_3
2,train,testB_4
2,train,testB_5
2,train,testB_6
2,train,testB_7
2,train,testB_9
2,train,testB_11
2,train,testB_12
2,train,testB_14
2,train,testB_16
2,train,testB_17
2,train,testB_18
2,train,testB_19
2,test,train_5
2,test,train_17
2,test,train_20
2,test,train_27
2,test,train_34
2,test,train_37
2,test,train_50
2,test,train_51
2,test,train_57
2,test,train_61
2,test,train_74
2,test,train_76
2,test,train_77
2,test,testA_1
2,test,testA_2
2,test,testA_11
2,test,testA_15
2,test,testA_20
2,test,testA_22
2,test,testA_24
2,test,testA_28
2,test,testA_31
2,test,testA_32
2,test,testA_34
2,test,testA_47
2,test,testA_50
2,test,testA_60
2,test,testB_1
2,test,testB_8
2,test,testB_10
2,test,testB_13
2,test,testB_15
2,test,testB_20
3,train,train_2
3,train,train_3
3,train,train_5
3,train,train_6
3,train,train_7
3,train,train_8
3,train,train_10
3,train,train_11
3,train,train_13
3,train,train_15
3,train,train_17
3,train,train_18
3,train,train_19
3,train,train_20
3,train,train_21
3,train,train_22
3,train,train_23
3,train,train_25
3,train,train_26
3,train,train_27
3,train,train_28
3,train,train_30
3,train,train_33
3,train,train_34
3,train,train_35
3,train,train_36
3,train,train_37
3,train,train_38
3,train,train_40
3,train,train_44
3,train,train_45
3,train,train_46
3,train,train_47
3,train,train_48
3,train,train_49
3,train,train_50
3,train,train_51
3,train,train_52
3,train,train_53
3,train,train_54
3,train,train_55
3,train,train_56
3,train,train_57
3,train,train_59
3,train,train_60
3,train,train_61
3,train,train_62
3,train,train_65
3,train,train_67
3,train,train_68
3,train,train_69
3,train,train_72
3,train,train_73
3,train,train_74
3,train,train_75
3,train,train_76
3,train,train_77
3,train,train_78
3,train,train_80
3,train,train_81
3,train,train_82
3,train,train_83
3,train,train_84
3,train,train_85
3,train,testA_1
3,train,testA_2
3,train,testA_3
3,train,testA_4
3,train,testA_5
3,train,testA_6
3,train,testA_7
3,train,testA_8
3,train,testA_10
3,train,testA_11
3,train,testA_12
3,train,testA_13
3,train,testA_14
3,train,testA_15
3,train,testA_16
3,train,testA_17
3,train,testA_19
3,train,testA_20
3,train,testA_22
3,train,testA_23
3,train,testA_24
3,train,testA_25
3,train,testA_26
3,train,testA_27
3,train,testA_28
3,train,testA_29
3,train,testA_30
3,train,testA_31
3,train,testA_32
3,train,testA_34
3,train,testA_35
3,train,testA_36
3,train,testA_37
3,train,testA_38
3,train,testA_40
3,train,testA_41
3,train,testA_42
3,train,testA_43
3,train,testA_45
3,train,testA_46
3,train,testA_47
3,train,testA_48
3,train,testA_49
3,train,testA_50
3,train,testA_51
3,train,testA_52
3,train,testA_55
3,train,testA_56
3,train,testA_57
3,train,testA_59
3,train,testA_60
3,train,testB_1
3,train,testB_2
3,train,testB_3
3,train,testB_5
3,train,testB_7
3,train,testB_8
3,train,testB_9
3,train,testB_10
3,train,testB_11
3,train,testB_12
3,train,testB_13
3,train,testB_14
3,train,testB_15
3,train,testB_16
3,train,testB_17
3,train,testB_19
3,train,testB_20
3,test,train_1
3,test,train_4
3,test,train_9
3,test,train_12
3,test,train_14
3,test,train_16
3,test,train_24
3,test,train_29
3,test,train_31
3,test,train_32
3,test,train_39
3,test,train_41
3,test,train_42
3,test,train_43
3,test,train_58
3,test,train_63
3,test,train_64
3,test,train_66
3,test,train_70
3,test,train_71
3,test,train_79
3,test,testA_9
3,test,testA_18
3,test,testA_21
3,test,testA_33
3,test,testA_39
3,test,testA_44
3,test,testA_53
3,test,testA_54
3,test,testA_58
3,test,testB_4
3,test,testB_6
3,test,testB_18
4,train,train_1
4,train,train_2
4,train,train_3
4,train,train_4
4,train,train_5
4,train,train_6
4,train,train_7
4,train,train_8
4,train,train_9
4,train,train_10
4,train,train_12
4,train,train_13
4,train,train_14
4,train,train_15
4,train,train_16
4,train,train_17
4,train,train_18
4,train,train_20
4,train,train_21
4,train,train_22
4,train,train_23
4,train,train_24
4,train,train_27
4,train,train_28
4,train,train_29
4,train,train_30
4,train,train_31
4,train,train_32
4,train,train_33
4,train,train_34
4,train,train_35
4,train,train_37
4,train,train_39
4,train,train_40
4,train,train_41
4,train,train_42
4,train,train_43
4,train,train_44
4,train,train_45
4,train,train_46
4,train,train_47
4,train,train_48
4,train,train_49
4,train,train_50
4,train,train_51
4,train,train_52
4,train,train_54
4,train,train_55
4,train,train_57
4,train,train_58
4,train,train_59
4,train,train_60
4,train,train_61
4,train,train_62
4,train,train_63
4,train,train_64
4,train,train_66
4,train,train_68
4,train,train_69
4,train,train_70
4,train,train_71
4,train,train_72
4,train,train_74
4,train,train_75
4,train,train_76
4,train,train_77
4,train,train_79
4,train,train_82
4,train,train_83
4,train,train_84
4,train,testA_1
4,train,testA_2
4,train,testA_3
4,train,testA_4
4,train,testA_5
4,train,testA_8
4,train,testA_9
4,train,testA_10
4,train,testA_11
4,train,testA_12
4,train,testA_13
4,train,testA_15
4,train,testA_16
4,train,testA_17
4,train,testA_18
4,train,testA_20
4,train,testA_21
4,train,testA_22
4,train,testA_24
4,train,testA_25
4,train,testA_26
4,train,testA_28
4,train,testA_30
4,train,testA_31
4,train,testA_32
4,train,testA_33
4,train,testA_34
4,train,testA_35
4,train,testA_37
4,train,testA_39
4,train,testA_41
4,train,testA_42
4,train,testA_43
4,train,testA_44
4,train,testA_47
4,train,testA_48
4,train,testA_49
4,train,testA_50
4,train,testA_51
4,train,testA_53
4,train,testA_54
4,train,testA_55
4,train,testA_56
4,train,testA_57
4,train,testA_58
4,train,testA_60
4,train,testB_1
4,train,testB_2
4,train,testB_3
4,train,testB_4
4,train,testB_6
4,train,testB_8
4,train,testB_9
4,train,testB_10
4,train,testB_11
4,train,testB_13
4,train,testB_14
4,train,testB_15
4,train,testB_16
4,train,testB_18
4,train,testB_19
4,train,testB_20
4,test,train_11
4,test,train_19
4,test,train_25
4,test,train_26
4,test,train_36
4,test,train_38
4,test,train_53
4,test,train_56
4,test,train_65
4,test,train_67
4,test,train_73
4,test,train_78
4,test,train_80
4,test,train_81
4,test,train_85
4,test,testA_6
4,test,testA_7
4,test,testA_14
4,test,testA_19
4,test,testA_23
4,test,testA_27
4,test,testA_29
4,test,testA_36
4,test,testA_38
4,test,testA_40
4,test,testA_45
4,test,testA_46
4,test,testA_52
4,test,testA_59
4,test,testB_5
4,test,testB_7
4,test,testB_12
4,test,testB_17
