batch_index,sample_id,initial_kl_candidate_count,selected_before_dilation,selected_after_dilation,valid_direction_count,invalid_direction_count,valid_fraction_after_dilation,positive_weight_count,zero_weight_count,zero_weight_fraction,weight_sum,weight_min,weight_mean,weight_median,weight_p90,weight_p95,weight_max,image_no_valid_direction,batch_abl_returns_none
0,train_1,6004,431,2301,2301,0,1.0,171,2130,0.9256844850065189,4.185891151428223,0.0,0.0018191617354588734,0.0,0.0,0.02071067877113819,0.05000000074505806,False,False
1,train_2,5246,389,2227,2227,0,1.0,145,2082,0.9348899865289627,3.1787843704223633,0.0,0.0014273840833671112,0.0,0.0,0.02071067877113819,0.05000000074505806,False,False
2,train_4,4956,459,2446,2446,0,1.0,362,2084,0.8520032706459526,9.213970184326172,0.0,0.0037669544835450797,0.0,0.02071067877113819,0.02071067877113819,0.06180340051651001,False,False
3,train_5,8167,418,2561,2561,0,1.0,353,2208,0.8621632174931667,8.957630157470703,0.0,0.0034977082659122024,0.0,0.02071067877113819,0.02071067877113819,0.06180340051651001,False,False
4,train_6,4000,497,1963,1963,0,1.0,284,1679,0.8553234844625573,7.405315399169922,0.0,0.003772448226467906,0.0,0.02071067877113819,0.02071067877113819,0.06180340051651001,False,False
5,train_7,4646,367,1950,1950,0,1.0,185,1765,0.9051282051282051,3.890054225921631,0.0,0.0019948995982607205,0.0,0.0,0.02071067877113819,0.05000000074505806,False,False
6,train_8,8310,309,2044,2044,0,1.0,189,1855,0.9075342465753424,4.62906551361084,0.0,0.0022647091070893575,0.0,0.0,0.02071067877113819,0.06180340051651001,False,False
7,train_9,11922,405,2520,2520,0,1.0,125,2395,0.9503968253968254,2.8056633472442627,0.0,0.0011133585317385575,0.0,0.0,0.0,0.06180340051651001,False,False
8,train_10,5867,488,2358,2358,0,1.0,198,2160,0.916030534351145,5.020486831665039,0.0,0.002129129252607434,0.0,0.0,0.02071067877113819,0.06180340051651001,False,False
9,train_11,6725,419,2118,2118,0,1.0,331,1787,0.8437204910292729,8.67773151397705,0.0,0.004097134970670269,0.0,0.02071067877113819,0.02071067877113819,0.06180340051651001,False,False
10,train_12,10162,501,2969,2969,0,1.0,214,2755,0.9279218592118559,5.29327917098999,0.0,0.0017828491054357363,0.0,0.0,0.02071067877113819,0.06180340051651001,False,False
11,train_13,12957,363,2035,2035,0,1.0,141,1894,0.9307125307125307,3.711017608642578,0.0,0.0018235957739687083,0.0,0.0,0.02071067877113819,0.05000000074505806,False,False
12,train_14,2073,493,991,991,0,1.0,431,560,0.5650857719475277,65.04469299316406,0.0,0.06563540967792182,0.0,0.06180340051651001,0.09142135828733444,1.0,False,False
13,train_15,6322,494,2335,2335,0,1.0,272,2063,0.8835117773019272,6.1898016929626465,0.0,0.0026508786909010987,0.0,0.02071067877113819,0.02071067877113819,0.05000000074505806,False,False
14,train_16,7326,390,2128,2128,0,1.0,322,1806,0.8486842105263158,8.732210159301758,0.0,0.004103481939370583,0.0,0.02071067877113819,0.02071067877113819,0.06180340051651001,False,False
15,train_17,8571,333,1914,1914,0,1.0,162,1752,0.9153605015673981,3.9645233154296875,0.0,0.002071328735603808,0.0,0.0,0.02071067877113819,0.06180340051651001,False,False
16,train_18,11507,330,2151,2151,0,1.0,150,2001,0.9302649930264993,3.2941410541534424,0.0,0.0015314463725177592,0.0,0.0,0.02071067877113819,0.06180340051651001,False,False
17,train_19,8679,298,1901,1901,0,1.0,138,1763,0.9274066280904787,3.355992078781128,0.0,0.001765382506035617,0.0,0.0,0.02071067877113819,0.05000000074505806,False,False
18,train_20,8008,406,2474,2474,0,1.0,234,2240,0.9054163298302345,6.000385761260986,0.0,0.0024253782494748034,0.0,0.0,0.02071067877113819,0.06180340051651001,False,False
19,train_21,4904,329,1978,1978,0,1.0,128,1850,0.9352881698685541,2.867795467376709,0.0,0.0014498460749719816,0.0,0.0,0.02071067877113819,0.06180340051651001,False,False
20,train_22,14137,278,1942,1942,0,1.0,167,1775,0.9140061791967045,4.202719688415527,0.0,0.0021641193634910024,0.0,0.0,0.02071067877113819,0.06180340051651001,False,False
21,train_23,6758,445,2388,2388,0,1.0,176,2212,0.9262981574539364,4.025840759277344,0.0,0.0016858629185013735,0.0,0.0,0.02071067877113819,0.05000000074505806,False,False
22,train_24,6123,392,2077,2077,0,1.0,151,1926,0.9272989889263361,3.560969829559326,0.0,0.0017144775164273708,0.0,0.0,0.02071067877113819,0.06180340051651001,False,False
23,train_25,10472,452,2807,2807,0,1.0,179,2628,0.9362308514428215,4.275511741638184,0.0,0.0015231606759207928,0.0,0.0,0.02071067877113819,0.06180340051651001,False,False
24,train_26,3636,422,1873,1873,0,1.0,193,1680,0.8969567538707955,4.958025932312012,0.0,0.002647104167398831,0.0,0.02071067877113819,0.02071067877113819,0.06180340051651001,False,False
25,train_27,9667,307,1733,1733,0,1.0,106,1627,0.9388343912290825,2.517514705657959,0.0,0.0014526915703714754,0.0,0.0,0.02071067877113819,0.05000000074505806,False,False
26,train_28,10359,324,1993,1993,0,1.0,230,1763,0.8845960863020572,5.9704389572143555,0.0,0.0029957045637897316,0.0,0.02071067877113819,0.02071067877113819,0.06180340051651001,False,False
27,train_29,6377,443,2353,2353,0,1.0,255,2098,0.8916277093072673,6.5826334953308105,0.0,0.0027975492405792625,0.0,0.02071067877113819,0.02071067877113819,0.06180340051651001,False,False
28,train_31,6711,307,1943,1943,0,1.0,74,1869,0.961914565105507,1.6204582452774048,0.0,0.0008339980416808985,0.0,0.0,0.0,0.05000000074505806,False,False
29,train_32,6323,347,1910,1910,0,1.0,211,1699,0.8895287958115183,5.4361724853515625,0.0,0.002846163461540694,0.0,0.02071067877113819,0.02071067877113819,0.06180340051651001,False,False
30,train_34,6833,496,2698,2698,0,1.0,237,2461,0.9121571534469978,5.172035217285156,0.0,0.001916988423471101,0.0,0.0,0.02071067877113819,0.05000000074505806,False,False
31,train_36,3855,419,1994,1994,0,1.0,294,1700,0.8525576730190572,8.790555000305176,0.0,0.004408502892414509,0.0,0.02071067877113819,0.02071067877113819,0.06180340051651001,False,False
32,train_37,11435,432,2404,2404,0,1.0,164,2240,0.9317803660565723,4.182118892669678,0.0,0.0017396501015977137,0.0,0.0,0.02071067877113819,0.06180340051651001,False,False
33,train_38,6484,365,1984,1984,0,1.0,188,1796,0.905241935483871,4.737315654754639,0.0,0.0023877597902150403,0.0,0.0,0.02071067877113819,0.06180340051651001,False,False
34,train_39,12031,393,2230,2230,0,1.0,199,2031,0.910762331838565,5.39879035949707,0.0,0.0024209821513214986,0.0,0.0,0.02071067877113819,0.06180340051651001,False,False
35,train_40,3016,453,1827,1827,0,1.0,208,1619,0.886152162014231,5.069343566894531,0.0,0.0027746817491618283,0.0,0.02071067877113819,0.02071067877113819,0.05000000074505806,False,False
36,train_41,7351,471,2613,2613,0,1.0,260,2353,0.900497512437811,6.791540622711182,0.0,0.00259913534062875,0.0,0.0,0.02071067877113819,0.06180340051651001,False,False
37,train_42,6493,399,2134,2134,0,1.0,288,1846,0.8650421743205249,7.470672607421875,0.0,0.0035007838151071154,0.0,0.02071067877113819,0.02071067877113819,0.06180340051651001,False,False
38,train_43,10517,303,1884,1884,0,1.0,222,1662,0.8821656050955414,5.535029411315918,0.0,0.002937913476835517,0.0,0.02071067877113819,0.02071067877113819,0.05000000074505806,False,False
39,train_45,8249,404,2229,2229,0,1.0,163,2066,0.9268730372364289,4.061298847198486,0.0,0.0018220271174818905,0.0,0.0,0.02071067877113819,0.06180340051651001,False,False
40,train_47,6161,412,2057,2057,0,1.0,226,1831,0.8901312591152163,5.354706287384033,0.0,0.0026031629375725856,0.0,0.02071067877113819,0.02071067877113819,0.06180340051651001,False,False
41,train_50,5218,402,2100,2100,0,1.0,121,1979,0.9423809523809524,2.7988853454589844,0.0,0.001332802548117581,0.0,0.0,0.02071067877113819,0.05000000074505806,False,False
42,train_51,13275,475,2965,2965,0,1.0,347,2618,0.8829679595278246,8.563203811645508,0.0,0.0028880956716219853,0.0,0.02071067877113819,0.02071067877113819,0.05000000074505806,False,False
43,train_53,9649,262,1599,1599,0,1.0,87,1512,0.9455909943714822,2.006854295730591,0.0,0.0012550683595412518,0.0,0.0,0.02071067877113819,0.05000000074505806,False,False
44,train_54,10083,278,1752,1752,0,1.0,81,1671,0.9537671232876712,1.7361435890197754,0.0,0.0009909495573116628,0.0,0.0,0.0,0.05000000074505806,False,False
45,train_56,6051,482,2660,2660,0,1.0,242,2418,0.9090225563909774,5.328484535217285,0.0,0.002003189579660731,0.0,0.0,0.02071067877113819,0.06180340051651001,False,False
46,train_57,7464,376,2263,2263,0,1.0,240,2023,0.8939460892620416,5.802467346191406,0.0,0.0025640597967805452,0.0,0.02071067877113819,0.02071067877113819,0.06180340051651001,False,False
47,train_58,11606,347,2136,2136,0,1.0,140,1996,0.9344569288389513,3.567467212677002,0.0,0.0016701624114833745,0.0,0.0,0.02071067877113819,0.06180340051651001,False,False
48,train_60,8389,439,2580,2580,0,1.0,175,2405,0.9321705426356589,3.7240402698516846,0.0,0.0014434264149776725,0.0,0.0,0.02071067877113819,0.06180340051651001,False,False
49,train_61,7232,359,1795,1795,0,1.0,111,1684,0.9381615598885794,2.9725399017333984,0.0,0.0016560110022264603,0.0,0.0,0.02071067877113819,0.05000000074505806,False,False
50,train_62,6246,489,2632,2632,0,1.0,178,2454,0.932370820668693,4.155130386352539,0.0,0.001578696798193509,0.0,0.0,0.02071067877113819,0.05000000074505806,False,False
51,train_63,8227,241,1487,1487,0,1.0,62,1425,0.9583053127101546,1.34264075756073,0.0,0.0009029191175241477,0.0,0.0,0.0,0.05000000074505806,False,False
52,train_64,4144,412,1896,1896,0,1.0,252,1644,0.8670886075949367,7.170110702514648,0.0,0.0037817038912011727,0.0,0.02071067877113819,0.02071067877113819,0.06180340051651001,False,False
53,train_65,3073,485,1849,1849,0,1.0,238,1611,0.871281773931855,6.153610706329346,0.0,0.003328074931316662,0.0,0.02071067877113819,0.02071067877113819,0.06180340051651001,False,False
54,train_66,6883,345,2061,2061,0,1.0,192,1869,0.9068413391557496,4.866933345794678,0.0,0.0023614426894942166,0.0,0.0,0.02071067877113819,0.06180340051651001,False,False
55,train_67,2092,493,1252,1252,0,1.0,354,898,0.7172523961661342,11.557116508483887,0.0,0.009230924078438896,0.0,0.05000000074505806,0.05000000074505806,0.06180340051651001,False,False
56,train_68,10655,383,2279,2279,0,1.0,260,2019,0.8859148749451514,6.6385345458984375,0.0,0.002912915666056809,0.0,0.02071067877113819,0.02071067877113819,0.06180340051651001,False,False
57,train_69,14144,267,1763,1763,0,1.0,179,1584,0.8984685195689166,4.656272888183594,0.0,0.0026411078859731275,0.0,0.02071067877113819,0.02071067877113819,0.06180340051651001,False,False
58,train_70,6922,482,2659,2659,0,1.0,221,2438,0.9168860473862355,4.957820892333984,0.0,0.0018645435103732601,0.0,0.0,0.02071067877113819,0.05000000074505806,False,False
59,train_71,6068,308,1868,1868,0,1.0,173,1695,0.9073875802997858,4.33878755569458,0.0,0.002322691261401396,0.0,0.0,0.02071067877113819,0.06180340051651001,False,False
60,train_73,12796,417,2593,2593,0,1.0,181,2412,0.9301966833783263,4.0533294677734375,0.0,0.0015631814412212354,0.0,0.0,0.02071067877113819,0.06180340051651001,False,False
61,train_74,7099,299,1694,1694,0,1.0,132,1562,0.922077922077922,3.4953320026397705,0.0,0.0020633600762173304,0.0,0.0,0.02071067877113819,0.05000000074505806,False,False
62,train_76,7732,463,2291,2291,0,1.0,323,1968,0.859013531209079,8.752482414245605,0.0,0.0038203762072642157,0.0,0.02071067877113819,0.02071067877113819,0.06180340051651001,False,False
63,train_77,10135,426,2344,2344,0,1.0,201,2143,0.9142491467576792,4.959778785705566,0.0,0.0021159466739057377,0.0,0.0,0.02071067877113819,0.06180340051651001,False,False
64,train_78,7159,477,2738,2738,0,1.0,166,2572,0.9393718042366691,3.5844192504882812,0.0,0.0013091377961572457,0.0,0.0,0.02071067877113819,0.05000000074505806,False,False
65,train_79,10415,292,1833,1833,0,1.0,158,1675,0.9138025095471904,4.104191303253174,0.0,0.002239057098134775,0.0,0.0,0.02071067877113819,0.06180340051651001,False,False
66,train_80,5134,395,2072,2072,0,1.0,176,1896,0.915057915057915,4.248790264129639,0.0,0.002050574411346818,0.0,0.0,0.02071067877113819,0.06180340051651001,False,False
67,train_81,4947,482,2325,2325,0,1.0,280,2045,0.8795698924731182,6.865209102630615,0.0,0.0029527780846241984,0.0,0.02071067877113819,0.02071067877113819,0.06180340051651001,False,False
68,train_82,9733,473,2652,2652,0,1.0,312,2340,0.8823529411764706,7.967728614807129,0.0,0.0030044226817292235,0.0,0.02071067877113819,0.02071067877113819,0.06180340051651001,False,False
69,train_84,7878,301,1517,1517,0,1.0,54,1463,0.964403427818062,1.4348766803741455,0.0,0.0009458646492574587,0.0,0.0,0.0,0.06180340051651001,False,False
70,train_85,7746,279,1724,1724,0,1.0,158,1566,0.9083526682134571,3.8349053859710693,0.0,0.0022244229934366287,0.0,0.0,0.02071067877113819,0.06180340051651001,False,False
71,testA_1,9638,490,2523,2523,0,1.0,262,2261,0.8961553705905668,6.990335464477539,0.0,0.002770644194382644,0.0,0.02071067877113819,0.02071067877113819,0.06180340051651001,False,False
72,testA_2,4621,500,2474,2474,0,1.0,437,2037,0.8233629749393695,12.906269073486328,0.0,0.005216761838521269,0.0,0.02071067877113819,0.05000000074505806,0.06180340051651001,False,False
73,testA_6,8248,326,1928,1928,0,1.0,39,1889,0.9797717842323651,0.8955845236778259,0.0,0.00046451474999800263,0.0,0.0,0.0,0.05000000074505806,False,False
74,testA_7,4408,467,2175,2175,0,1.0,181,1994,0.9167816091954023,4.3051300048828125,0.0,0.0019793701034852827,0.0,0.0,0.02071067877113819,0.05000000074505806,False,False
75,testA_9,10337,412,2363,2363,0,1.0,224,2139,0.9052052475666525,6.0630035400390625,0.0,0.0025658077768070235,0.0,0.0,0.02071067877113819,0.06180340051651001,False,False
76,testA_10,15518,454,2707,2707,0,1.0,237,2470,0.9124492057628371,6.2089643478393555,0.0,0.0022936699059415136,0.0,0.0,0.02071067877113819,0.06180340051651001,False,False
77,testA_11,4018,445,1838,1838,0,1.0,173,1665,0.9058759521218716,4.075183868408203,0.0,0.002217183557417045,0.0,0.0,0.02071067877113819,0.06180340051651001,False,False
78,testA_12,9244,443,2497,2497,0,1.0,249,2248,0.9002803364036844,6.704049110412598,0.0,0.002684841374092738,0.0,0.0,0.02071067877113819,0.06180340051651001,False,False
79,testA_14,3851,500,2201,2201,0,1.0,287,1914,0.8696047251249432,7.561437129974365,0.0,0.003435455133181331,0.0,0.02071067877113819,0.02071067877113819,0.06180340051651001,False,False
80,testA_15,7193,430,2322,2322,0,1.0,206,2116,0.9112833763996555,5.59666109085083,0.0,0.002410276085427103,0.0,0.0,0.02071067877113819,0.06180340051651001,False,False
81,testA_18,10400,385,2485,2485,0,1.0,179,2306,0.9279678068410463,4.392669200897217,0.0,0.001767673764670159,0.0,0.0,0.02071067877113819,0.06180340051651001,False,False
82,testA_19,13896,279,1889,1889,0,1.0,109,1780,0.942297511911064,2.6911211013793945,0.0,0.00142462747127149,0.0,0.0,0.02071067877113819,0.06180340051651001,False,False
83,testA_20,6416,438,2325,2325,0,1.0,84,2241,0.9638709677419355,1.9154329299926758,0.0,0.0008238421284383343,0.0,0.0,0.0,0.05000000074505806,False,False
84,testA_21,9626,340,2115,2115,0,1.0,87,2028,0.9588652482269504,1.8311183452606201,0.0,0.0008657770094860248,0.0,0.0,0.0,0.05000000074505806,False,False
85,testA_22,9532,337,2035,2035,0,1.0,158,1877,0.9223587223587224,3.8873629570007324,0.0,0.0019102520920354553,0.0,0.0,0.02071067877113819,0.05000000074505806,False,False
86,testA_23,6709,393,2026,2026,0,1.0,203,1823,0.8998025666337611,4.766885757446289,0.0,0.0023528557677127177,0.0,0.010355339385569096,0.02071067877113819,0.06180340051651001,False,False
87,testA_24,8743,256,1269,1269,0,1.0,53,1216,0.9582348305752562,1.402362585067749,0.0,0.0011050926669668832,0.0,0.0,0.0,0.06180340051651001,False,False
88,testA_25,10556,315,1887,1887,0,1.0,147,1740,0.9220985691573926,3.964242458343506,0.0,0.0021008172550716917,0.0,0.0,0.02071067877113819,0.06180340051651001,False,False
89,testA_27,14159,300,2058,2058,0,1.0,194,1864,0.9057337220602527,5.019829750061035,0.0,0.0024391785743705153,0.0,0.0,0.02071067877113819,0.06180340051651001,False,False
90,testA_28,14142,470,2952,2952,0,1.0,260,2692,0.9119241192411924,6.6678242683410645,0.0,0.002258748009795863,0.0,0.0,0.02071067877113819,0.06180340051651001,False,False
91,testA_29,6167,490,2620,2620,0,1.0,245,2375,0.9064885496183206,6.2343244552612305,0.0,0.0023795130278716106,0.0,0.0,0.02071067877113819,0.06180340051651001,False,False
92,testA_31,5061,452,2229,2229,0,1.0,70,2159,0.9685957828622701,1.7719300985336304,0.0,0.0007949439460263759,0.0,0.0,0.0,0.05000000074505806,False,False
93,testA_32,8426,432,2646,2646,0,1.0,402,2244,0.8480725623582767,10.769824981689453,0.0,0.004070228667548229,0.0,0.02071067877113819,0.02071067877113819,0.06180340051651001,False,False
94,testA_33,9023,242,1635,1635,0,1.0,97,1538,0.9406727828746178,2.196475028991699,0.0,0.001343409891385551,0.0,0.0,0.02071067877113819,0.06180340051651001,False,False
95,testA_34,6958,347,1952,1952,0,1.0,135,1817,0.9308401639344263,3.235281467437744,0.0,0.0016574187826395768,0.0,0.0,0.02071067877113819,0.05000000074505806,False,False
96,testA_35,10774,220,1414,1414,0,1.0,100,1314,0.9292786421499293,2.358278512954712,0.0,0.0016678066297185303,0.0,0.0,0.02071067877113819,0.06180340051651001,False,False
97,testA_36,10825,302,1733,1733,0,1.0,103,1630,0.9405654933641084,2.5550537109375,0.0,0.001474353041450412,0.0,0.0,0.02071067877113819,0.06180340051651001,False,False
98,testA_37,8842,351,1992,1992,0,1.0,89,1903,0.9553212851405622,2.1947221755981445,0.0,0.0011017682099991653,0.0,0.0,0.0,0.05000000074505806,False,False
99,testA_38,1359,500,999,999,0,1.0,457,542,0.5425425425425425,49.102806091308594,0.0,0.0491519574023731,0.0,0.06180340051651001,0.06180340051651001,1.0,False,False
100,testA_39,2640,500,1744,1744,0,1.0,249,1495,0.8572247706422018,6.75650691986084,0.0,0.0038741437372230335,0.0,0.02071067877113819,0.02071067877113819,0.06180340051651001,False,False
101,testA_40,12499,290,1894,1894,0,1.0,135,1759,0.9287222808870116,3.2938601970672607,0.0,0.001739102485565097,0.0,0.0,0.02071067877113819,0.05000000074505806,False,False
102,testA_44,8215,316,2051,2051,0,1.0,122,1929,0.9405168210628961,2.7142422199249268,0.0,0.0013233750081393615,0.0,0.0,0.02071067877113819,0.06180340051651001,False,False
103,testA_45,7454,375,2164,2164,0,1.0,153,2011,0.9292975970425139,3.930255889892578,0.0,0.001816199733505573,0.0,0.0,0.02071067877113819,0.05000000074505806,False,False
104,testA_46,11432,401,2466,2466,0,1.0,261,2205,0.8941605839416058,6.571377754211426,0.0,0.0026647921799646582,0.0,0.02071067877113819,0.02071067877113819,0.06180340051651001,False,False
105,testA_47,7774,349,2023,2023,0,1.0,217,1806,0.8927335640138409,5.285467147827148,0.0,0.0026126877615137143,0.0,0.02071067877113819,0.02071067877113819,0.06180340051651001,False,False
106,testA_49,5087,352,1893,1893,0,1.0,143,1750,0.9244585314315901,3.2252306938171387,0.0,0.0017037670163962176,0.0,0.0,0.02071067877113819,0.05000000074505806,False,False
107,testA_50,9457,452,2799,2799,0,1.0,120,2679,0.9571275455519829,2.7195961475372314,0.0,0.0009716313070124837,0.0,0.0,0.0,0.05000000074505806,False,False
108,testA_52,7463,376,2088,2088,0,1.0,168,1920,0.9195402298850575,4.153048515319824,0.0,0.0019890078730610025,0.0,0.0,0.02071067877113819,0.05000000074505806,False,False
109,testA_53,3646,484,2164,2164,0,1.0,246,1918,0.8863216266173752,5.797770977020264,0.0,0.0026791916382042846,0.0,0.02071067877113819,0.02071067877113819,0.05000000074505806,False,False
110,testA_54,13296,217,1339,1339,0,1.0,120,1219,0.9103808812546677,3.4343433380126953,0.0,0.002564856725521636,0.0,0.0,0.02071067877113819,0.06180340051651001,False,False
111,testA_58,11689,247,1531,1531,0,1.0,86,1445,0.9438275636838668,2.337615489959717,0.0,0.0015268553179767223,0.0,0.0,0.02071067877113819,0.05000000074505806,False,False
112,testA_59,9664,396,2317,2317,0,1.0,223,2094,0.9037548554164868,5.7900543212890625,0.0,0.002498944430263535,0.0,0.0,0.02071067877113819,0.05000000074505806,False,False
113,testA_60,7678,344,1991,1991,0,1.0,127,1864,0.9362129583124058,3.040306806564331,0.0,0.0015270249681413504,0.0,0.0,0.02071067877113819,0.05000000074505806,False,False
114,testB_1,3577,485,2001,2001,0,1.0,143,1858,0.928535732133933,3.459545612335205,0.0,0.0017289083147573208,0.0,0.0,0.02071067877113819,0.05000000074505806,False,False
115,testB_2,8128,330,2056,2056,0,1.0,203,1853,0.9012645914396887,5.399886131286621,0.0,0.002626403610870706,0.0,0.0,0.02071067877113819,0.06180340051651001,False,False
116,testB_3,6037,473,2458,2458,0,1.0,251,2207,0.8978844589096827,6.042088031768799,0.0,0.002458131890304453,0.0,0.02071067877113819,0.02071067877113819,0.06180340051651001,False,False
117,testB_4,5798,483,2319,2319,0,1.0,362,1957,0.8438982319965502,10.093965530395508,0.0,0.004352723325009539,0.0,0.02071067877113819,0.02071067877113819,0.06180340051651001,False,False
118,testB_5,6061,491,2689,2689,0,1.0,391,2298,0.85459278542209,9.902448654174805,0.0,0.003682576540362972,0.0,0.02071067877113819,0.02071067877113819,0.06180340051651001,False,False
119,testB_6,5142,416,2047,2047,0,1.0,198,1849,0.9032730825598436,5.237753868103027,0.0,0.002558746353759961,0.0,0.0,0.02071067877113819,0.06180340051651001,False,False
120,testB_7,6961,362,2315,2315,0,1.0,310,2005,0.8660907127429806,7.662265777587891,0.0,0.0033098338409196224,0.0,0.02071067877113819,0.02071067877113819,0.06180340051651001,False,False
121,testB_8,8080,463,2695,2695,0,1.0,217,2478,0.9194805194805195,5.513660907745361,0.0,0.0020458853580679654,0.0,0.0,0.02071067877113819,0.06180340051651001,False,False
122,testB_9,12599,234,1453,1453,0,1.0,80,1373,0.9449415003441156,1.9440650939941406,0.0,0.0013379662759802052,0.0,0.0,0.02071067877113819,0.06180340051651001,False,False
123,testB_10,8647,468,2642,2642,0,1.0,220,2422,0.9167297501892505,5.405739784240723,0.0,0.0020460786021552152,0.0,0.0,0.02071067877113819,0.05000000074505806,False,False
124,testB_11,6631,393,2237,2237,0,1.0,159,2078,0.9289226642825212,3.7030484676361084,0.0,0.0016553636263951052,0.0,0.0,0.02071067877113819,0.05000000074505806,False,False
125,testB_12,10419,403,2240,2240,0,1.0,123,2117,0.9450892857142857,2.9574642181396484,0.0,0.0013202964270021766,0.0,0.0,0.02071067877113819,0.05000000074505806,False,False
126,testB_13,8626,433,2572,2572,0,1.0,214,2358,0.916796267496112,4.930004119873047,0.0,0.0019167977179549809,0.0,0.0,0.02071067877113819,0.05000000074505806,False,False
127,testB_15,10029,325,1919,1919,0,1.0,124,1795,0.9353830119854091,2.814242124557495,0.0,0.0014665149260989821,0.0,0.0,0.02071067877113819,0.06180340051651001,False,False
128,testB_16,10225,393,2262,2262,0,1.0,168,2094,0.9257294429708223,4.106273174285889,0.0,0.001815328556487615,0.0,0.0,0.02071067877113819,0.06180340051651001,False,False
129,testB_17,5461,483,2333,2333,0,1.0,305,2028,0.8692670381483069,8.226683616638184,0.0,0.0035262253882736285,0.0,0.02071067877113819,0.02071067877113819,0.06180340051651001,False,False
130,testB_18,7731,336,2014,2014,0,1.0,106,1908,0.9473684210526315,2.5468037128448486,0.0,0.001264550056319606,0.0,0.0,0.02071067877113819,0.05000000074505806,False,False
131,testB_20,7658,496,2606,2606,0,1.0,262,2344,0.8994627782041443,6.486734390258789,0.0,0.0024891536095317563,0.0,0.02071067877113819,0.02071067877113819,0.06180340051651001,False,False
